"Name","Year","College_Completion_Rate"
"United States","1970_Total",0.106618146881093
"Alabama","1970_Total",0.0784697904354162
"Alaska","1970_Total",0.141402614340338
"Arizona","1970_Total",0.125603748674565
"Arkansas","1970_Total",0.0665505450529167
"California","1970_Total",0.134449088418031
"Colorado","1970_Total",0.149259774015062
"Connecticut","1970_Total",0.136629848872626
"Delaware","1970_Total",0.130934776179126
"District of Columbia","1970_Total",0.177834350941139
"Florida","1970_Total",0.102640174944763
"Georgia","1970_Total",0.0921114181534164
"Hawaii","1970_Total",0.139659549478619
"Idaho","1970_Total",0.099611831547903
"Illinois","1970_Total",0.103102509833597
"Indiana","1970_Total",0.0832634846749252
"Iowa","1970_Total",0.0909516366478254
"Kansas","1970_Total",0.113768650264114
"Kentucky","1970_Total",0.0721082963967739
"Louisiana","1970_Total",0.0904971175426015
"Maine","1970_Total",0.083635322401608
"Maryland","1970_Total",0.139366708778521
"Massachusetts","1970_Total",0.125528924286459
"Michigan","1970_Total",0.0942254162131314
"Minnesota","1970_Total",0.111000634556341
"Mississippi","1970_Total",0.0805575518376239
"Missouri","1970_Total",0.0897155916025914
"Montana","1970_Total",0.110110066171387
"Nebraska","1970_Total",0.0964961230290459
"Nevada","1970_Total",0.107858115576278
"New Hampshire","1970_Total",0.108511595977681
"New Jersey","1970_Total",0.118356576901972
"New Mexico","1970_Total",0.127342874007144
"New York","1970_Total",0.118877809830634
"North Carolina","1970_Total",0.0845060522878978
"North Dakota","1970_Total",0.0838791351358143
"Ohio","1970_Total",0.0926590573822473
"Oklahoma","1970_Total",0.100201817978601
"Oregon","1970_Total",0.117793402213103
"Pennsylvania","1970_Total",0.0874881052709308
"Rhode Island","1970_Total",0.0938765307719021
"South Carolina","1970_Total",0.0896679251337981
"South Dakota","1970_Total",0.085960680635313
"Tennessee","1970_Total",0.0789409129742954
"Texas","1970_Total",0.108726000940322
"Utah","1970_Total",0.139798552617415
"Vermont","1970_Total",0.114875581900165
"Virginia","1970_Total",0.123030626119648
"Washington","1970_Total",0.127221384882315
"West Virginia","1970_Total",0.0677094723117359
"Wisconsin","1970_Total",0.0975806465458778
"Wyoming","1970_Total",0.117808811891898
"Puerto Rico","1970_Total",NA
"United States","1980_Total",0.162295747370863
"Alabama","1980_Total",0.121797308907395
"Alaska","1980_Total",0.212102368315763
"Arizona","1980_Total",0.174136613785056
"Arkansas","1980_Total",0.10820062253294
"California","1980_Total",0.196017355756407
"Colorado","1980_Total",0.229590159451551
"Connecticut","1980_Total",0.206594799185754
"Delaware","1980_Total",0.174683816083817
"District of Columbia","1980_Total",0.274619782116277
"Florida","1980_Total",0.148818463630727
"Georgia","1980_Total",0.14592867087902
"Hawaii","1980_Total",0.203457582796453
"Idaho","1980_Total",0.158278654263023
"Illinois","1980_Total",0.162048817751921
"Indiana","1980_Total",0.125197240105467
"Iowa","1980_Total",0.139435751501969
"Kansas","1980_Total",0.170323938730727
"Kentucky","1980_Total",0.110768144028922
"Louisiana","1980_Total",0.1390425780447
"Maine","1980_Total",0.143968330714372
"Maryland","1980_Total",0.203552004404793
"Massachusetts","1980_Total",0.200282624212591
"Michigan","1980_Total",0.142592557346347
"Minnesota","1980_Total",0.173628693512089
"Mississippi","1980_Total",0.122888567852422
"Missouri","1980_Total",0.138938949982458
"Montana","1980_Total",0.174600004881372
"Nebraska","1980_Total",0.155173529002262
"Nevada","1980_Total",0.144384603034606
"New Hampshire","1980_Total",0.182089590794774
"New Jersey","1980_Total",0.1833913637507
"New Mexico","1980_Total",0.175840383965427
"New York","1980_Total",0.179418416843485
"North Carolina","1980_Total",0.132352046694615
"North Dakota","1980_Total",0.148222303284961
"Ohio","1980_Total",0.136523913296746
"Oklahoma","1980_Total",0.150733347610214
"Oregon","1980_Total",0.178521762633075
"Pennsylvania","1980_Total",0.135550127868619
"Rhode Island","1980_Total",0.154313916032007
"South Carolina","1980_Total",0.134233148800188
"South Dakota","1980_Total",0.140064770725478
"Tennessee","1980_Total",0.125980961691607
"Texas","1980_Total",0.168800833719256
"Utah","1980_Total",0.198785453823125
"Vermont","1980_Total",0.190421316992656
"Virginia","1980_Total",0.19098296619835
"Washington","1980_Total",0.189519872986045
"West Virginia","1980_Total",0.10417055347581
"Wisconsin","1980_Total",0.148250823911395
"Wyoming","1980_Total",0.171535063825451
"Puerto Rico","1980_Total",NA
"United States","1990_Total",0.20337997784755
"Alabama","1990_Total",0.156807879436081
"Alaska","1990_Total",0.230932058084508
"Arizona","1990_Total",0.202884436964214
"Arkansas","1990_Total",0.133211242188283
"California","1990_Total",0.233568197350603
"Colorado","1990_Total",0.269689882452996
"Connecticut","1990_Total",0.27180675618462
"Delaware","1990_Total",0.214054175155601
"District of Columbia","1990_Total",0.333108466481396
"Florida","1990_Total",0.182780948891705
"Georgia","1990_Total",0.19315855665081
"Hawaii","1990_Total",0.228824208954383
"Idaho","1990_Total",0.176511578401176
"Illinois","1990_Total",0.210448413955165
"Indiana","1990_Total",0.155594116011887
"Iowa","1990_Total",0.168500865039245
"Kansas","1990_Total",0.210977332406944
"Kentucky","1990_Total",0.136310952840242
"Louisiana","1990_Total",0.161262896167669
"Maine","1990_Total",0.187719406294266
"Maryland","1990_Total",0.264570166828654
"Massachusetts","1990_Total",0.272321623492671
"Michigan","1990_Total",0.173559667013656
"Minnesota","1990_Total",0.21821709819163
"Mississippi","1990_Total",0.147464225076462
"Missouri","1990_Total",0.177957448385714
"Montana","1990_Total",0.197944173681879
"Nebraska","1990_Total",0.189410360333678
"Nevada","1990_Total",0.152778868291546
"New Hampshire","1990_Total",0.243651018218391
"New Jersey","1990_Total",0.248540280703561
"New Mexico","1990_Total",0.204138349646105
"New York","1990_Total",0.231316414026097
"North Carolina","1990_Total",0.173751038557948
"North Dakota","1990_Total",0.180655655024587
"Ohio","1990_Total",0.169729394388025
"Oklahoma","1990_Total",0.177891515788123
"Oregon","1990_Total",0.205981128282299
"Pennsylvania","1990_Total",0.179443439877291
"Rhode Island","1990_Total",0.212700089232058
"South Carolina","1990_Total",0.166467366983609
"South Dakota","1990_Total",0.171639953542393
"Tennessee","1990_Total",0.159598746888406
"Texas","1990_Total",0.203179638828177
"Utah","1990_Total",0.222610414779104
"Vermont","1990_Total",0.24312166720318
"Virginia","1990_Total",0.244885128390362
"Washington","1990_Total",0.229328074872297
"West Virginia","1990_Total",0.123333498326458
"Wisconsin","1990_Total",0.177417551271303
"Wyoming","1990_Total",0.187907937890837
"Puerto Rico","1990_Total",NA
"United States","2000_Total",0.244016272747538
"Alabama","2000_Total",0.190347025005195
"Alaska","2000_Total",0.247149300761943
"Arizona","2000_Total",0.235309798217791
"Arkansas","2000_Total",0.166605822550832
"California","2000_Total",0.266209334754377
"Colorado","2000_Total",0.326926650704883
"Connecticut","2000_Total",0.314074168295495
"Delaware","2000_Total",0.250490617069977
"District of Columbia","2000_Total",0.390697855851873
"Florida","2000_Total",0.223347599854689
"Georgia","2000_Total",0.242997783440498
"Hawaii","2000_Total",0.261740834939818
"Idaho","2000_Total",0.216652592681951
"Illinois","2000_Total",0.260613837716655
"Indiana","2000_Total",0.19408143985608
"Iowa","2000_Total",0.212088892827303
"Kansas","2000_Total",0.258039145148121
"Kentucky","2000_Total",0.171353353257278
"Louisiana","2000_Total",0.18727580357619
"Maine","2000_Total",0.228717784831008
"Maryland","2000_Total",0.314498676191035
"Massachusetts","2000_Total",0.331898836372571
"Michigan","2000_Total",0.217623416424808
"Minnesota","2000_Total",0.274332286776568
"Mississippi","2000_Total",0.169040185671035
"Missouri","2000_Total",0.215817410408962
"Montana","2000_Total",0.243702492750856
"Nebraska","2000_Total",0.237426660694363
"Nevada","2000_Total",0.181559576728623
"New Hampshire","2000_Total",0.286538501214218
"New Jersey","2000_Total",0.297794425005201
"New Mexico","2000_Total",0.234533631887882
"New York","2000_Total",0.273725504953703
"North Carolina","2000_Total",0.224628875217348
"North Dakota","2000_Total",0.219888150568425
"Ohio","2000_Total",0.210953433336841
"Oklahoma","2000_Total",0.20278525562904
"Oregon","2000_Total",0.250806975394914
"Pennsylvania","2000_Total",0.22351409653963
"Rhode Island","2000_Total",0.256009087597704
"South Carolina","2000_Total",0.204180646453596
"South Dakota","2000_Total",0.215052312699875
"Tennessee","2000_Total",0.195648087226243
"Texas","2000_Total",0.23237572232056
"Utah","2000_Total",0.261261449279234
"Vermont","2000_Total",0.294453803964643
"Virginia","2000_Total",0.294646136544711
"Washington","2000_Total",0.27731497290534
"West Virginia","2000_Total",0.148316162457107
"Wisconsin","2000_Total",0.224194577600249
"Wyoming","2000_Total",0.219100749850315
"Puerto Rico","2000_Total",0.182776842110783
"United States","2013-2017_Total",0.309275879920717
"Alabama","2013-2017_Total",0.245244743314563
"Alaska","2013-2017_Total",0.289879732964273
"Arizona","2013-2017_Total",0.284456868921156
"Arkansas","2013-2017_Total",0.220281301459887
"California","2013-2017_Total",0.325759712083064
"Colorado","2013-2017_Total",0.394297960706855
"Connecticut","2013-2017_Total",0.384308411452338
"Delaware","2013-2017_Total",0.309680142431777
"District of Columbia","2013-2017_Total",0.565924372649594
"Florida","2013-2017_Total",0.284512310515942
"Georgia","2013-2017_Total",0.299310289810342
"Hawaii","2013-2017_Total",0.320373455786736
"Idaho","2013-2017_Total",0.267659363961577
"Illinois","2013-2017_Total",0.334474679956183
"Indiana","2013-2017_Total",0.253191533673224
"Iowa","2013-2017_Total",0.276812768809535
"Kansas","2013-2017_Total",0.323492201632338
"Kentucky","2013-2017_Total",0.231922922752302
"Louisiana","2013-2017_Total",0.233970199241996
"Maine","2013-2017_Total",0.302810570542074
"Maryland","2013-2017_Total",0.389946396309835
"Massachusetts","2013-2017_Total",0.420874503031529
"Michigan","2013-2017_Total",0.280810842664225
"Minnesota","2013-2017_Total",0.347631066307432
"Mississippi","2013-2017_Total",0.213341744623616
"Missouri","2013-2017_Total",0.28186587561756
"Montana","2013-2017_Total",0.307291037747241
"Nebraska","2013-2017_Total",0.305915992485261
"Nevada","2013-2017_Total",0.236847333593154
"New Hampshire","2013-2017_Total",0.360370889575091
"New Jersey","2013-2017_Total",0.38091347419788
"New Mexico","2013-2017_Total",0.268736202890788
"New York","2013-2017_Total",0.352893668303246
"North Carolina","2013-2017_Total",0.298599891981896
"North Dakota","2013-2017_Total",0.288924591649674
"Ohio","2013-2017_Total",0.272386681287754
"Oklahoma","2013-2017_Total",0.248430382284937
"Oregon","2013-2017_Total",0.322709852524328
"Pennsylvania","2013-2017_Total",0.300836500035505
"Rhode Island","2013-2017_Total",0.329643296432964
"South Carolina","2013-2017_Total",0.270050736693909
"South Dakota","2013-2017_Total",0.278474148464605
"Tennessee","2013-2017_Total",0.260530540700466
"Texas","2013-2017_Total",0.287055762516693
"Utah","2013-2017_Total",0.325371036492665
"Vermont","2013-2017_Total",0.367988125142727
"Virginia","2013-2017_Total",0.375565086744479
"Washington","2013-2017_Total",0.344634200391948
"West Virginia","2013-2017_Total",0.198985827088157
"Wisconsin","2013-2017_Total",0.290310751580934
"Wyoming","2013-2017_Total",0.267497304544063
"Puerto Rico","2013-2017_Total",0.249193258632812
"United States","1970_Urban",0.115419503244843
"Alabama","1970_Urban",0.0888388429269886
"Alaska","1970_Urban",0.155220184386034
"Arizona","1970_Urban",0.129671431267101
"Arkansas","1970_Urban",0.0824836731336488
"California","1970_Urban",0.135546019992574
"Colorado","1970_Urban",0.161532136232383
"Connecticut","1970_Urban",0.137506759483391
"Delaware","1970_Urban",0.130934776179126
"District of Columbia","1970_Urban",0.177834350941139
"Florida","1970_Urban",0.103726459399569
"Georgia","1970_Urban",0.105842032218319
"Hawaii","1970_Urban",0.149637856975971
"Idaho","1970_Urban",0.111466914494386
"Illinois","1970_Urban",0.11039396892401
"Indiana","1970_Urban",0.0921691959859417
"Iowa","1970_Urban",0.116557420160516
"Kansas","1970_Urban",0.136972864976776
"Kentucky","1970_Urban",0.089019845832801
"Louisiana","1970_Urban",0.0974150013407383
"Maine","1970_Urban",0.0929039748668215
"Maryland","1970_Urban",0.141710257782005
"Massachusetts","1970_Urban",0.125756777272266
"Michigan","1970_Urban",0.0990292445135207
"Minnesota","1970_Urban",0.130587228343387
"Mississippi","1970_Urban",0.101692155364182
"Missouri","1970_Urban",0.101455963535925
"Montana","1970_Urban",0.140851213742891
"Nebraska","1970_Urban",0.126505736438005
"Nevada","1970_Urban",0.112884506383323
"New Hampshire","1970_Urban",0.110432532153568
"New Jersey","1970_Urban",0.118356576901972
"New Mexico","1970_Urban",0.149797938518821
"New York","1970_Urban",0.121535844367199
"North Carolina","1970_Urban",0.0958066936911856
"North Dakota","1970_Urban",0.130288992292851
"Ohio","1970_Urban",0.100501920895414
"Oklahoma","1970_Urban",0.114543287518385
"Oregon","1970_Urban",0.128228456406257
"Pennsylvania","1970_Urban",0.091963380672058
"Rhode Island","1970_Urban",0.0938765307719021
"South Carolina","1970_Urban",0.0957099836923354
"South Dakota","1970_Urban",0.0951612757048732
"Tennessee","1970_Urban",0.0907872327204339
"Texas","1970_Urban",0.118917736592323
"Utah","1970_Urban",0.146392207400183
"Vermont","1970_Urban",0.143708011943269
"Virginia","1970_Urban",0.141807134355738
"Washington","1970_Urban",0.130693227476469
"West Virginia","1970_Urban",0.0771918082307237
"Wisconsin","1970_Urban",0.108870290668387
"Wyoming","1970_Urban",0.131783083973822
"Puerto Rico","1970_Urban",NA
"United States","1980_Urban",0.174883604289651
"Alabama","1980_Urban",0.137494692144374
"Alaska","1980_Urban",0.225264874873257
"Arizona","1980_Urban",0.179187124838081
"Arkansas","1980_Urban",0.132571693470325
"California","1980_Urban",0.197328415862657
"Colorado","1980_Urban",0.240337210680289
"Connecticut","1980_Urban",0.207711391702511
"Delaware","1980_Urban",0.174683816083817
"District of Columbia","1980_Urban",0.274619782116277
"Florida","1980_Urban",0.148051345778522
"Georgia","1980_Urban",0.164935953464669
"Hawaii","1980_Urban",0.211660970288912
"Idaho","1980_Urban",0.172487051240823
"Illinois","1980_Urban",0.173584724910554
"Indiana","1980_Urban",0.138556931397237
"Iowa","1980_Urban",0.17455294696774
"Kansas","1980_Urban",0.204538865794397
"Kentucky","1980_Urban",0.138369097794037
"Louisiana","1980_Urban",0.149704044189152
"Maine","1980_Urban",0.153930694919166
"Maryland","1980_Urban",0.206441568173696
"Massachusetts","1980_Urban",0.20033759298894
"Michigan","1980_Urban",0.149687031952788
"Minnesota","1980_Urban",0.201201422788445
"Mississippi","1980_Urban",0.152308761953592
"Missouri","1980_Urban",0.159301978971034
"Montana","1980_Urban",0.199976838895215
"Nebraska","1980_Urban",0.193395968064713
"Nevada","1980_Urban",0.148155228908432
"New Hampshire","1980_Urban",0.185869945737791
"New Jersey","1980_Urban",0.1833913637507
"New Mexico","1980_Urban",0.203726031291083
"New York","1980_Urban",0.184248160793184
"North Carolina","1980_Urban",0.1492153245421
"North Dakota","1980_Urban",0.208453228925893
"Ohio","1980_Urban",0.148196137442378
"Oklahoma","1980_Urban",0.170607663696371
"Oregon","1980_Urban",0.193708388654582
"Pennsylvania","1980_Urban",0.142744811451702
"Rhode Island","1980_Urban",0.154313916032007
"South Carolina","1980_Urban",0.143380606042939
"South Dakota","1980_Urban",0.158374720455404
"Tennessee","1980_Urban",0.144002542826486
"Texas","1980_Urban",0.183753934235739
"Utah","1980_Urban",0.207000888116739
"Vermont","1980_Urban",0.221337007308015
"Virginia","1980_Urban",0.217116084689006
"Washington","1980_Urban",0.195114551551793
"West Virginia","1980_Urban",0.118775801818122
"Wisconsin","1980_Urban",0.163976453008274
"Wyoming","1980_Urban",0.187194012252326
"Puerto Rico","1980_Urban",NA
"United States","1990_Urban",0.219667439884726
"Alabama","1990_Urban",0.178449687307083
"Alaska","1990_Urban",0.251295704314601
"Arizona","1990_Urban",0.209833788597034
"Arkansas","1990_Urban",0.163141004162292
"California","1990_Urban",0.235598582324017
"Colorado","1990_Urban",0.281969714905297
"Connecticut","1990_Urban",0.273049936863316
"Delaware","1990_Urban",0.214054175155601
"District of Columbia","1990_Urban",0.333108466481396
"Florida","1990_Urban",0.185611711841944
"Georgia","1990_Urban",0.217832661388852
"Hawaii","1990_Urban",0.238140262408367
"Idaho","1990_Urban",0.193827167428745
"Illinois","1990_Urban",0.226414971345623
"Indiana","1990_Urban",0.174380073867123
"Iowa","1990_Urban",0.211323104984235
"Kansas","1990_Urban",0.254083898736638
"Kentucky","1990_Urban",0.173612167122474
"Louisiana","1990_Urban",0.173925592237329
"Maine","1990_Urban",0.20966944459981
"Maryland","1990_Urban",0.268166141880019
"Massachusetts","1990_Urban",0.27251497078094
"Michigan","1990_Urban",0.184563721476611
"Minnesota","1990_Urban",0.250542575904236
"Mississippi","1990_Urban",0.183556202065503
"Missouri","1990_Urban",0.205492405057534
"Montana","1990_Urban",0.22243875909266
"Nebraska","1990_Urban",0.233693578919335
"Nevada","1990_Urban",0.156346241577382
"New Hampshire","1990_Urban",0.255420352217484
"New Jersey","1990_Urban",0.248540280703561
"New Mexico","1990_Urban",0.240034441699007
"New York","1990_Urban",0.238580604227865
"North Carolina","1990_Urban",0.196010935828336
"North Dakota","1990_Urban",0.24468132811449
"Ohio","1990_Urban",0.186758801976625
"Oklahoma","1990_Urban",0.200169303578147
"Oregon","1990_Urban",0.223422843201649
"Pennsylvania","1990_Urban",0.189953168439816
"Rhode Island","1990_Urban",0.212700089232058
"South Carolina","1990_Urban",0.178903268340645
"South Dakota","1990_Urban",0.196985936343449
"Tennessee","1990_Urban",0.183095466543817
"Texas","1990_Urban",0.219552880190577
"Utah","1990_Urban",0.230848835218403
"Vermont","1990_Urban",0.290466456049062
"Virginia","1990_Urban",0.274074471636005
"Washington","1990_Urban",0.237261645160908
"West Virginia","1990_Urban",0.143317013410719
"Wisconsin","1990_Urban",0.197622451631656
"Wyoming","1990_Urban",0.205376126955468
"Puerto Rico","1990_Urban",NA
"United States","2000_Urban",0.262235259129116
"Alabama","2000_Urban",0.217079740897292
"Alaska","2000_Urban",0.265576351577414
"Arizona","2000_Urban",0.242077973869263
"Arkansas","2000_Urban",0.20193074276178
"California","2000_Urban",0.268459779703228
"Colorado","2000_Urban",0.340332482874466
"Connecticut","2000_Urban",0.316388508664805
"Delaware","2000_Urban",0.250490617069977
"District of Columbia","2000_Urban",0.390697855851873
"Florida","2000_Urban",0.227726585456309
"Georgia","2000_Urban",0.272028457000642
"Hawaii","2000_Urban",0.27165612699862
"Idaho","2000_Urban",0.238540600703688
"Illinois","2000_Urban",0.279500641167003
"Indiana","2000_Urban",0.218123570603754
"Iowa","2000_Urban",0.262544728881054
"Kansas","2000_Urban",0.306144299770487
"Kentucky","2000_Urban",0.218181035184007
"Louisiana","2000_Urban",0.201477577706062
"Maine","2000_Urban",0.254360237367264
"Maryland","2000_Urban",0.318524424042908
"Massachusetts","2000_Urban",0.332160224035032
"Michigan","2000_Urban",0.232728215995842
"Minnesota","2000_Urban",0.311481346572676
"Mississippi","2000_Urban",0.206996684392964
"Missouri","2000_Urban",0.248864054417274
"Montana","2000_Urban",0.268535782632866
"Nebraska","2000_Urban",0.285791877933535
"Nevada","2000_Urban",0.185914036856116
"New Hampshire","2000_Urban",0.301641738597838
"New Jersey","2000_Urban",0.297794425005201
"New Mexico","2000_Urban",0.27036074129759
"New York","2000_Urban",0.282484033641547
"North Carolina","2000_Urban",0.25266539552526
"North Dakota","2000_Urban",0.281829461053419
"Ohio","2000_Urban",0.233375924335758
"Oklahoma","2000_Urban",0.226638939501582
"Oregon","2000_Urban",0.271678284229186
"Pennsylvania","2000_Urban",0.237070196555667
"Rhode Island","2000_Urban",0.256009087597704
"South Carolina","2000_Urban",0.218982437687031
"South Dakota","2000_Urban",0.24518562145201
"Tennessee","2000_Urban",0.224210123588306
"Texas","2000_Urban",0.248729962355903
"Utah","2000_Urban",0.268039796862316
"Vermont","2000_Urban",0.348414899316169
"Virginia","2000_Urban",0.32618672659634
"Washington","2000_Urban",0.286776551548243
"West Virginia","2000_Urban",0.170535473218199
"Wisconsin","2000_Urban",0.250459965724523
"Wyoming","2000_Urban",0.219191824195116
"Puerto Rico","2000_Urban",0.18521259486012
"United States","2013-2017_Urban",0.329180559381385
"Alabama","2013-2017_Urban",0.275561400788464
"Alaska","2013-2017_Urban",0.314467066394325
"Arizona","2013-2017_Urban",0.291150583511807
"Arkansas","2013-2017_Urban",0.262145550256121
"California","2013-2017_Urban",0.328004990657112
"Colorado","2013-2017_Urban",0.407648976611868
"Connecticut","2013-2017_Urban",0.386302197078153
"Delaware","2013-2017_Urban",0.309680142431777
"District of Columbia","2013-2017_Urban",0.565924372649594
"Florida","2013-2017_Urban",0.289582650769184
"Georgia","2013-2017_Urban",0.329603458683725
"Hawaii","2013-2017_Urban",0.328738191234469
"Idaho","2013-2017_Urban",0.289428010760665
"Illinois","2013-2017_Urban",0.355604543638904
"Indiana","2013-2017_Urban",0.280064843914982
"Iowa","2013-2017_Urban",0.332632556016026
"Kansas","2013-2017_Urban",0.376006824865154
"Kentucky","2013-2017_Urban",0.287099151315383
"Louisiana","2013-2017_Urban",0.250645974901465
"Maine","2013-2017_Urban",0.342237231531681
"Maryland","2013-2017_Urban",0.393646814540272
"Massachusetts","2013-2017_Urban",0.42131540232108
"Michigan","2013-2017_Urban",0.298825386384131
"Minnesota","2013-2017_Urban",0.387067937080204
"Mississippi","2013-2017_Urban",0.255636189862304
"Missouri","2013-2017_Urban",0.322031593046895
"Montana","2013-2017_Urban",0.333656020695378
"Nebraska","2013-2017_Urban",0.356767324273724
"Nevada","2013-2017_Urban",0.243670075250125
"New Hampshire","2013-2017_Urban",0.379249956261171
"New Jersey","2013-2017_Urban",0.38091347419788
"New Mexico","2013-2017_Urban",0.304373033230157
"New York","2013-2017_Urban",0.363076546707376
"North Carolina","2013-2017_Urban",0.330930872202587
"North Dakota","2013-2017_Urban",0.353155127642065
"Ohio","2013-2017_Urban",0.29965307236572
"Oklahoma","2013-2017_Urban",0.275794492001859
"Oregon","2013-2017_Urban",0.348508436066815
"Pennsylvania","2013-2017_Urban",0.317692990003991
"Rhode Island","2013-2017_Urban",0.329643296432964
"South Carolina","2013-2017_Urban",0.287329327380194
"South Dakota","2013-2017_Urban",0.309191359275151
"Tennessee","2013-2017_Urban",0.293837049553451
"Texas","2013-2017_Urban",0.303112265571915
"Utah","2013-2017_Urban",0.333159444363483
"Vermont","2013-2017_Urban",0.433830101224252
"Virginia","2013-2017_Urban",0.406311097001741
"Washington","2013-2017_Urban",0.35620456635284
"West Virginia","2013-2017_Urban",0.224905387672822
"Wisconsin","2013-2017_Urban",0.320608581087035
"Wyoming","2013-2017_Urban",0.26003880052849
"Puerto Rico","2013-2017_Urban",0.251864408260628
"United States","1970_Rural",0.0672646376562793
"Alabama","1970_Rural",0.0529988744785625
"Alaska","1970_Rural",0.134660633484163
"Arizona","1970_Rural",0.0747452703599392
"Arkansas","1970_Rural",0.0509748407679045
"California","1970_Rural",0.0868783042882318
"Colorado","1970_Rural",0.0914621942921186
"Connecticut","1970_Rural",0.119545537395954
"Delaware","1970_Rural",NA
"District of Columbia","1970_Rural",NA
"Florida","1970_Rural",0.0622301721377544
"Georgia","1970_Rural",0.0527472563547846
"Hawaii","1970_Rural",0.0743377061395768
"Idaho","1970_Rural",0.0858797718297499
"Illinois","1970_Rural",0.0606613529037519
"Indiana","1970_Rural",0.0580634905584079
"Iowa","1970_Rural",0.0690013923966703
"Kansas","1970_Rural",0.0864704900745959
"Kentucky","1970_Rural",0.0515878655087862
"Louisiana","1970_Rural",0.0629177572668412
"Maine","1970_Rural",0.0725560549099325
"Maryland","1970_Rural",0.0651993290379219
"Massachusetts","1970_Rural",0.107855392769638
"Michigan","1970_Rural",0.0676961036232357
"Minnesota","1970_Rural",0.0667353483603201
"Mississippi","1970_Rural",0.0695496229987196
"Missouri","1970_Rural",0.0579280455001368
"Montana","1970_Rural",0.0951790723465327
"Nebraska","1970_Rural",0.0671382348891643
"Nevada","1970_Rural",0.0817461615760323
"New Hampshire","1970_Rural",0.105910557314944
"New Jersey","1970_Rural",NA
"New Mexico","1970_Rural",0.101008666634124
"New York","1970_Rural",0.0831301607906116
"North Carolina","1970_Rural",0.0575674614693129
"North Dakota","1970_Rural",0.0635636087726271
"Ohio","1970_Rural",0.0606741713169842
"Oklahoma","1970_Rural",0.0823582677724333
"Oregon","1970_Rural",0.0810746366671097
"Pennsylvania","1970_Rural",0.055277539517216
"Rhode Island","1970_Rural",NA
"South Carolina","1970_Rural",0.068426032422698
"South Dakota","1970_Rural",0.0817894185437402
"Tennessee","1970_Rural",0.0450247979493585
"Texas","1970_Rural",0.0693063838724983
"Utah","1970_Rural",0.0937540537034635
"Vermont","1970_Rural",0.103861850195142
"Virginia","1970_Rural",0.0516401071090357
"Washington","1970_Rural",0.100632122042707
"West Virginia","1970_Rural",0.054475948541295
"Wisconsin","1970_Rural",0.067285269114199
"Wyoming","1970_Rural",0.111255143344596
"Puerto Rico","1970_Rural",NA
"United States","1980_Rural",0.104971964918879
"Alabama","1980_Rural",0.0820436839841323
"Alaska","1980_Rural",0.188858152985903
"Arizona","1980_Rural",0.103254055513763
"Arkansas","1980_Rural",0.0825257777873336
"California","1980_Rural",0.145792456790987
"Colorado","1980_Rural",0.172372246821611
"Connecticut","1980_Rural",0.186152376694373
"Delaware","1980_Rural",NA
"District of Columbia","1980_Rural",NA
"Florida","1980_Rural",0.0892200524867756
"Georgia","1980_Rural",0.0853263724583915
"Hawaii","1980_Rural",0.153199463827904
"Idaho","1980_Rural",0.139575518218131
"Illinois","1980_Rural",0.0949050836830125
"Indiana","1980_Rural",0.0869814654084566
"Iowa","1980_Rural",0.106662087755886
"Kansas","1980_Rural",0.126047989793203
"Kentucky","1980_Rural",0.0786942011581727
"Louisiana","1980_Rural",0.093206264850916
"Maine","1980_Rural",0.131796269688872
"Maryland","1980_Rural",0.111100842333184
"Massachusetts","1980_Rural",0.196505495390314
"Michigan","1980_Rural",0.108000715747565
"Minnesota","1980_Rural",0.107781282860147
"Mississippi","1980_Rural",0.105126840226807
"Missouri","1980_Rural",0.0857939021841169
"Montana","1980_Rural",0.161240940188309
"Nebraska","1980_Rural",0.113694812809898
"Nevada","1980_Rural",0.120911734132783
"New Hampshire","1980_Rural",0.176642270014638
"New Jersey","1980_Rural",NA
"New Mexico","1980_Rural",0.134531303731464
"New York","1980_Rural",0.120478826579309
"North Carolina","1980_Rural",0.0909909005041297
"North Dakota","1980_Rural",0.115952773085882
"Ohio","1980_Rural",0.0918312994090107
"Oklahoma","1980_Rural",0.123541423570595
"Oregon","1980_Rural",0.121893399024805
"Pennsylvania","1980_Rural",0.086024549510066
"Rhode Island","1980_Rural",NA
"South Carolina","1980_Rural",0.0994479578319597
"South Dakota","1980_Rural",0.130068538492946
"Tennessee","1980_Rural",0.0738211542049924
"Texas","1980_Rural",0.101643659307215
"Utah","1980_Rural",0.141019212799417
"Vermont","1980_Rural",0.178224887868003
"Virginia","1980_Rural",0.0805610258414636
"Washington","1980_Rural",0.147016740088106
"West Virginia","1980_Rural",0.0837280334728033
"Wisconsin","1980_Rural",0.107947616426233
"Wyoming","1980_Rural",0.16463700366412
"Puerto Rico","1980_Rural",NA
"United States","1990_Rural",0.122835726034198
"Alabama","1990_Rural",0.0977911608372773
"Alaska","1990_Rural",0.191535688800249
"Arizona","1990_Rural",0.097785189285389
"Arkansas","1990_Rural",0.0982756422884823
"California","1990_Rural",0.156152416512487
"Colorado","1990_Rural",0.197881087405145
"Connecticut","1990_Rural",0.249991565167516
"Delaware","1990_Rural",NA
"District of Columbia","1990_Rural",NA
"Florida","1990_Rural",0.107578926681359
"Georgia","1990_Rural",0.10128331409908
"Hawaii","1990_Rural",0.178103210342824
"Idaho","1990_Rural",0.151373303757829
"Illinois","1990_Rural",0.110456380717205
"Indiana","1990_Rural",0.0996281391792606
"Iowa","1990_Rural",0.124630980228174
"Kansas","1990_Rural",0.14510650388916
"Kentucky","1990_Rural",0.0908204722432505
"Louisiana","1990_Rural",0.10272884222004
"Maine","1990_Rural",0.15957812975063
"Maryland","1990_Rural",0.143404737567219
"Massachusetts","1990_Rural",0.259556833558863
"Michigan","1990_Rural",0.121805227600842
"Minnesota","1990_Rural",0.128062022712851
"Mississippi","1990_Rural",0.123064206275566
"Missouri","1990_Rural",0.101665654748949
"Montana","1990_Rural",0.184893860414296
"Nebraska","1990_Rural",0.133519714205902
"Nevada","1990_Rural",0.129139744444123
"New Hampshire","1990_Rural",0.224881965318339
"New Jersey","1990_Rural",NA
"New Mexico","1990_Rural",0.146044711097741
"New York","1990_Rural",0.142766903934449
"North Carolina","1990_Rural",0.11309350224672
"North Dakota","1990_Rural",0.139089786191666
"Ohio","1990_Rural",0.104115331892456
"Oklahoma","1990_Rural",0.143424814909369
"Oregon","1990_Rural",0.135461459426254
"Pennsylvania","1990_Rural",0.105035104410091
"Rhode Island","1990_Rural",NA
"South Carolina","1990_Rural",0.113817781447839
"South Dakota","1990_Rural",0.15527950310559
"Tennessee","1990_Rural",0.0882155445213409
"Texas","1990_Rural",0.11544794260533
"Utah","1990_Rural",0.159083186905999
"Vermont","1990_Rural",0.222710065097646
"Virginia","1990_Rural",0.0967560785273821
"Washington","1990_Rural",0.164027553463818
"West Virginia","1990_Rural",0.0946552258005524
"Wisconsin","1990_Rural",0.124164145345592
"Wyoming","1990_Rural",0.180311185957372
"Puerto Rico","1990_Rural",NA
"United States","2000_Rural",0.149003473652902
"Alabama","2000_Rural",0.115996537494975
"Alaska","2000_Rural",0.20984693349057
"Arizona","2000_Rural",0.124178146315367
"Arkansas","2000_Rural",0.121766806315116
"California","2000_Rural",0.179829922098478
"Colorado","2000_Rural",0.250248062690887
"Connecticut","2000_Rural",0.274655355249205
"Delaware","2000_Rural",NA
"District of Columbia","2000_Rural",NA
"Florida","2000_Rural",0.117666235788427
"Georgia","2000_Rural",0.124666347574064
"Hawaii","2000_Rural",0.213398740664812
"Idaho","2000_Rural",0.180493488737047
"Illinois","2000_Rural",0.134726307896407
"Indiana","2000_Rural",0.120017817838801
"Iowa","2000_Rural",0.155141343291794
"Kansas","2000_Rural",0.175844576843835
"Kentucky","2000_Rural",0.113469676076141
"Louisiana","2000_Rural",0.11914290966211
"Maine","2000_Rural",0.194413314736132
"Maryland","2000_Rural",0.17623684290351
"Massachusetts","2000_Rural",0.315436442581225
"Michigan","2000_Rural",0.151185137193198
"Minnesota","2000_Rural",0.164147228283552
"Mississippi","2000_Rural",0.141232199454831
"Missouri","2000_Rural",0.125160908957969
"Montana","2000_Rural",0.230534860911121
"Nebraska","2000_Rural",0.16899187269969
"Nevada","2000_Rural",0.14773898264256
"New Hampshire","2000_Rural",0.262082469769985
"New Jersey","2000_Rural",NA
"New Mexico","2000_Rural",0.172426916925212
"New York","2000_Rural",0.165600371970689
"North Carolina","2000_Rural",0.142696668421314
"North Dakota","2000_Rural",0.172776786714582
"Ohio","2000_Rural",0.125542687290784
"Oklahoma","2000_Rural",0.163488124778447
"Oregon","2000_Rural",0.160086458753949
"Pennsylvania","2000_Rural",0.12889667588557
"Rhode Island","2000_Rural",NA
"South Carolina","2000_Rural",0.13888188244319
"South Dakota","2000_Rural",0.19269356757789
"Tennessee","2000_Rural",0.109507938652649
"Texas","2000_Rural",0.134690742331797
"Utah","2000_Rural",0.209418678526048
"Vermont","2000_Rural",0.269752714657165
"Virginia","2000_Rural",0.123933849546882
"Washington","2000_Rural",0.198132350961362
"West Virginia","2000_Rural",0.115333956321043
"Wisconsin","2000_Rural",0.156313259696426
"Wyoming","2000_Rural",0.219061127628815
"Puerto Rico","2000_Rural",0.122237537849686
"United States","2013-2017_Rural",0.192726430251966
"Alabama","2013-2017_Rural",0.149377762026526
"Alaska","2013-2017_Rural",0.239878768543627
"Arizona","2013-2017_Rural",0.156334315950961
"Arkansas","2013-2017_Rural",0.15539029924633
"California","2013-2017_Rural",0.230543419353544
"Colorado","2013-2017_Rural",0.307856404990251
"Connecticut","2013-2017_Rural",0.349782143120892
"Delaware","2013-2017_Rural",NA
"District of Columbia","2013-2017_Rural",NA
"Florida","2013-2017_Rural",0.144287767378349
"Georgia","2013-2017_Rural",0.159301481827374
"Hawaii","2013-2017_Rural",0.285037180147234
"Idaho","2013-2017_Rural",0.223331879757965
"Illinois","2013-2017_Rural",0.179181439802682
"Indiana","2013-2017_Rural",0.161266236952517
"Iowa","2013-2017_Rural",0.200919692370889
"Kansas","2013-2017_Rural",0.214878008719819
"Kentucky","2013-2017_Rural",0.155630576358713
"Louisiana","2013-2017_Rural",0.147332439705143
"Maine","2013-2017_Rural",0.247635097180092
"Maryland","2013-2017_Rural",0.254271892876193
"Massachusetts","2013-2017_Rural",0.393090315560392
"Michigan","2013-2017_Rural",0.202465488023192
"Minnesota","2013-2017_Rural",0.215355981607009
"Mississippi","2013-2017_Rural",0.177312880636113
"Missouri","2013-2017_Rural",0.165031726420634
"Montana","2013-2017_Rural",0.293140523111248
"Nebraska","2013-2017_Rural",0.216926841880037
"Nevada","2013-2017_Rural",0.173813289492852
"New Hampshire","2013-2017_Rural",0.329493779192908
"New Jersey","2013-2017_Rural",NA
"New Mexico","2013-2017_Rural",0.195010406093062
"New York","2013-2017_Rural",0.218867048235925
"North Carolina","2013-2017_Rural",0.187339524737904
"North Dakota","2013-2017_Rural",0.228902604724924
"Ohio","2013-2017_Rural",0.165813842202894
"Oklahoma","2013-2017_Rural",0.196922271148521
"Oregon","2013-2017_Rural",0.194529711788083
"Pennsylvania","2013-2017_Rural",0.175273788039851
"Rhode Island","2013-2017_Rural",NA
"South Carolina","2013-2017_Rural",0.176280855817118
"South Dakota","2013-2017_Rural",0.249626426841923
"Tennessee","2013-2017_Rural",0.150900816729002
"Texas","2013-2017_Rural",0.163720319969123
"Utah","2013-2017_Rural",0.262559024816425
"Vermont","2013-2017_Rural",0.335616741663743
"Virginia","2013-2017_Rural",0.174718532750443
"Washington","2013-2017_Rural",0.241982671884861
"West Virginia","2013-2017_Rural",0.158496395468589
"Wisconsin","2013-2017_Rural",0.20761710623256
"Wyoming","2013-2017_Rural",0.270812657277414
"Puerto Rico","2013-2017_Rural",0.189169554589097
